<dynamicField name="ts_X3b_en_*" type="text_en" stored="true" indexed="true" multiValued="false" termVectors="true" omitNorms="false" />
<dynamicField name="tm_X3b_en_*" type="text_en" stored="true" indexed="true" multiValued="true" termVectors="true" omitNorms="false" />
<dynamicField name="tos_X3b_en_*" type="text_en" stored="true" indexed="true" multiValued="false" termVectors="true" omitNorms="true" />
<dynamicField name="tom_X3b_en_*" type="text_en" stored="true" indexed="true" multiValued="true" termVectors="true" omitNorms="true" />
<dynamicField name="tus_X3b_en_*" type="text_en" stored="true" indexed="true" multiValued="false" termVectors="true" omitNorms="false" />
<dynamicField name="tum_X3b_en_*" type="text_en" stored="true" indexed="true" multiValued="true" termVectors="true" omitNorms="false" />
<dynamicField name="tcphonetics_X3b_und_*" type="text_phonetic_und" stored="true" indexed="true" multiValued="false" termVectors="true" omitNorms="false" />
<dynamicField name="tcphonetics_*" type="text_phonetic_und" stored="true" indexed="true" multiValued="false" termVectors="true" omitNorms="false" />
<dynamicField name="tcphoneticm_X3b_und_*" type="text_phonetic_und" stored="true" indexed="true" multiValued="true" termVectors="true" omitNorms="false" />
<dynamicField name="tcphoneticm_*" type="text_phonetic_und" stored="true" indexed="true" multiValued="true" termVectors="true" omitNorms="false" />
<dynamicField name="tocphonetics_X3b_und_*" type="text_phonetic_und" stored="true" indexed="true" multiValued="false" termVectors="true" omitNorms="true" />
<dynamicField name="tocphonetics_*" type="text_phonetic_und" stored="true" indexed="true" multiValued="false" termVectors="true" omitNorms="true" />
<dynamicField name="tocphoneticm_X3b_und_*" type="text_phonetic_und" stored="true" indexed="true" multiValued="true" termVectors="true" omitNorms="true" />
<dynamicField name="tocphoneticm_*" type="text_phonetic_und" stored="true" indexed="true" multiValued="true" termVectors="true" omitNorms="true" />
<dynamicField name="tucphonetics_X3b_und_*" type="text_phonetic_und" stored="true" indexed="true" multiValued="false" termVectors="true" omitNorms="false" />
<dynamicField name="tucphonetics_*" type="text_phonetic_und" stored="true" indexed="true" multiValued="false" termVectors="true" omitNorms="false" />
<dynamicField name="tucphoneticm_X3b_und_*" type="text_phonetic_und" stored="true" indexed="true" multiValued="true" termVectors="true" omitNorms="false" />
<dynamicField name="tucphoneticm_*" type="text_phonetic_und" stored="true" indexed="true" multiValued="true" termVectors="true" omitNorms="false" />
<dynamicField name="tcphonetics_X3b_en_*" type="text_phonetic_en" stored="true" indexed="true" multiValued="false" termVectors="true" omitNorms="false" />
<dynamicField name="tcphoneticm_X3b_en_*" type="text_phonetic_en" stored="true" indexed="true" multiValued="true" termVectors="true" omitNorms="false" />
<dynamicField name="tocphonetics_X3b_en_*" type="text_phonetic_en" stored="true" indexed="true" multiValued="false" termVectors="true" omitNorms="true" />
<dynamicField name="tocphoneticm_X3b_en_*" type="text_phonetic_en" stored="true" indexed="true" multiValued="true" termVectors="true" omitNorms="true" />
<dynamicField name="tucphonetics_X3b_en_*" type="text_phonetic_en" stored="true" indexed="true" multiValued="false" termVectors="true" omitNorms="false" />
<dynamicField name="tucphoneticm_X3b_en_*" type="text_phonetic_en" stored="true" indexed="true" multiValued="true" termVectors="true" omitNorms="false" />
<dynamicField name="ts_X3b_und_*" type="text_und" stored="true" indexed="true" multiValued="false" termVectors="true" omitNorms="false" />
<dynamicField name="ts_*" type="text_und" stored="true" indexed="true" multiValued="false" termVectors="true" omitNorms="false" />
<dynamicField name="tm_X3b_und_*" type="text_und" stored="true" indexed="true" multiValued="true" termVectors="true" omitNorms="false" />
<dynamicField name="tm_*" type="text_und" stored="true" indexed="true" multiValued="true" termVectors="true" omitNorms="false" />
<dynamicField name="tos_X3b_und_*" type="text_und" stored="true" indexed="true" multiValued="false" termVectors="true" omitNorms="true" />
<dynamicField name="tos_*" type="text_und" stored="true" indexed="true" multiValued="false" termVectors="true" omitNorms="true" />
<dynamicField name="tom_X3b_und_*" type="text_und" stored="true" indexed="true" multiValued="true" termVectors="true" omitNorms="true" />
<dynamicField name="tom_*" type="text_und" stored="true" indexed="true" multiValued="true" termVectors="true" omitNorms="true" />
<dynamicField name="tus_X3b_und_*" type="text_und" stored="true" indexed="true" multiValued="false" termVectors="true" omitNorms="false" />
<dynamicField name="tus_*" type="text_und" stored="true" indexed="true" multiValued="false" termVectors="true" omitNorms="false" />
<dynamicField name="tum_X3b_und_*" type="text_und" stored="true" indexed="true" multiValued="true" termVectors="true" omitNorms="false" />
<dynamicField name="tum_*" type="text_und" stored="true" indexed="true" multiValued="true" termVectors="true" omitNorms="false" />
