<!--
  English Text Field
  6.0.0
-->
<fieldType name="text_en" class="solr.TextField" positionIncrementGap="100">
  <analyzer type="index">
    <charFilter class="solr.MappingCharFilterFactory" mapping="accents_en.txt"/>
    <tokenizer class="solr.WhitespaceTokenizerFactory"/>
    <filter class="solr.StopFilterFactory" ignoreCase="true" words="stopwords_en.txt"/>
    <filter class="solr.WordDelimiterFilterFactory" catenateNumbers="1" generateNumberParts="1" protected="protwords_en.txt" splitOnCaseChange="0" generateWordParts="1" preserveOriginal="1" catenateAll="0" catenateWords="1"/>
    <filter class="solr.LengthFilterFactory" min="2" max="100"/>
    <filter class="solr.LowerCaseFilterFactory"/>
    <filter class="solr.SnowballPorterFilterFactory" language="English" protected="protwords_en.txt"/>
    <filter class="solr.RemoveDuplicatesTokenFilterFactory"/>
  </analyzer>
  <analyzer type="query">
    <charFilter class="solr.MappingCharFilterFactory" mapping="accents_en.txt"/>
    <tokenizer class="solr.WhitespaceTokenizerFactory"/>
    <filter class="solr.SynonymFilterFactory" synonyms="synonyms_en.txt" expand="true" ignoreCase="true"/>
    <filter class="solr.StopFilterFactory" ignoreCase="true" words="stopwords_en.txt"/>
    <filter class="solr.WordDelimiterFilterFactory" catenateNumbers="0" generateNumberParts="1" protected="protwords_en.txt" splitOnCaseChange="0" generateWordParts="1" preserveOriginal="1" catenateAll="0" catenateWords="0"/>
    <filter class="solr.LengthFilterFactory" min="2" max="100"/>
    <filter class="solr.LowerCaseFilterFactory"/>
    <filter class="solr.SnowballPorterFilterFactory" language="English" protected="protwords_en.txt"/>
    <filter class="solr.RemoveDuplicatesTokenFilterFactory"/>
  </analyzer>
</fieldType>
<!--
  Fulltext Phonetic
  7.0.0
-->
<fieldType name="text_phonetic_und" class="solr.TextField" positionIncrementGap="100">
  <analyzer type="index">
    <tokenizer class="solr.WhitespaceTokenizerFactory"/>
    <filter class="solr.StopFilterFactory" ignoreCase="true" words="stopwords_phonetic_und.txt"/>
    <filter class="solr.WordDelimiterGraphFilterFactory" catenateNumbers="1" generateNumberParts="1" protected="protwords_phonetic_und.txt" splitOnCaseChange="0" generateWordParts="1" preserveOriginal="1" catenateAll="0" catenateWords="1"/>
    <filter class="solr.LengthFilterFactory" min="2" max="100"/>
    <filter class="solr.LowerCaseFilterFactory"/>
    <filter class="solr.BeiderMorseFilterFactory" languageSet="auto" nameType="GENERIC" ruleType="APPROX" concat="true"/>
    <filter class="solr.RemoveDuplicatesTokenFilterFactory"/>
  </analyzer>
  <analyzer type="query">
    <tokenizer class="solr.WhitespaceTokenizerFactory"/>
    <filter class="solr.StopFilterFactory" ignoreCase="true" words="stopwords_phonetic_und.txt"/>
    <filter class="solr.WordDelimiterGraphFilterFactory" catenateNumbers="0" generateNumberParts="1" protected="protwords_phonetic_und.txt" splitOnCaseChange="0" generateWordParts="1" preserveOriginal="1" catenateAll="0" catenateWords="0"/>
    <filter class="solr.LengthFilterFactory" min="2" max="100"/>
    <filter class="solr.LowerCaseFilterFactory"/>
    <filter class="solr.BeiderMorseFilterFactory" languageSet="auto" nameType="GENERIC" ruleType="APPROX" concat="true"/>
    <filter class="solr.RemoveDuplicatesTokenFilterFactory"/>
  </analyzer>
</fieldType>
<!--
  Fulltext Phonetic English
  7.0.0
-->
<fieldType name="text_phonetic_en" class="solr.TextField" positionIncrementGap="100">
  <analyzer type="index">
    <tokenizer class="solr.WhitespaceTokenizerFactory"/>
    <filter class="solr.StopFilterFactory" ignoreCase="true" words="stopwords_phonetic_en.txt"/>
    <filter class="solr.WordDelimiterGraphFilterFactory" catenateNumbers="1" generateNumberParts="1" protected="protwords_phonetic_en.txt" splitOnCaseChange="0" generateWordParts="1" preserveOriginal="1" catenateAll="0" catenateWords="1"/>
    <filter class="solr.LengthFilterFactory" min="2" max="100"/>
    <filter class="solr.LowerCaseFilterFactory"/>
    <filter class="solr.BeiderMorseFilterFactory" languageSet="english" nameType="GENERIC" ruleType="APPROX" concat="true"/>
    <filter class="solr.RemoveDuplicatesTokenFilterFactory"/>
  </analyzer>
  <analyzer type="query">
    <tokenizer class="solr.WhitespaceTokenizerFactory"/>
    <filter class="solr.StopFilterFactory" ignoreCase="true" words="stopwords_phonetic_en.txt"/>
    <filter class="solr.WordDelimiterGraphFilterFactory" catenateNumbers="0" generateNumberParts="1" protected="protwords_phonetic_en.txt" splitOnCaseChange="0" generateWordParts="1" preserveOriginal="1" catenateAll="0" catenateWords="0"/>
    <filter class="solr.LengthFilterFactory" min="2" max="100"/>
    <filter class="solr.LowerCaseFilterFactory"/>
    <filter class="solr.BeiderMorseFilterFactory" languageSet="english" nameType="GENERIC" ruleType="APPROX" concat="true"/>
    <filter class="solr.RemoveDuplicatesTokenFilterFactory"/>
  </analyzer>
</fieldType>
<!--
  Language Undefined Text Field
  6.0.0
-->
<fieldType name="text_und" class="solr.TextField" positionIncrementGap="100">
  <analyzer type="index">
    <charFilter class="solr.MappingCharFilterFactory" mapping="mapping-ISOLatin1Accent.txt"/>
    <tokenizer class="solr.WhitespaceTokenizerFactory"/>
    <filter class="solr.StopFilterFactory" ignoreCase="true" words="stopwords.txt"/>
    <filter class="solr.WordDelimiterFilterFactory" catenateNumbers="1" generateNumberParts="1" protected="protwords.txt" splitOnCaseChange="0" generateWordParts="1" preserveOriginal="1" catenateAll="0" catenateWords="1"/>
    <filter class="solr.LengthFilterFactory" min="2" max="100"/>
    <filter class="solr.LowerCaseFilterFactory"/>
    <filter class="solr.RemoveDuplicatesTokenFilterFactory"/>
  </analyzer>
  <analyzer type="query">
    <charFilter class="solr.MappingCharFilterFactory" mapping="mapping-ISOLatin1Accent.txt"/>
    <tokenizer class="solr.WhitespaceTokenizerFactory"/>
    <filter class="solr.SynonymFilterFactory" synonyms="synonyms.txt" expand="true" ignoreCase="true"/>
    <filter class="solr.StopFilterFactory" ignoreCase="true" words="stopwords.txt"/>
    <filter class="solr.WordDelimiterFilterFactory" catenateNumbers="0" generateNumberParts="1" protected="protwords.txt" splitOnCaseChange="0" generateWordParts="1" preserveOriginal="1" catenateAll="0" catenateWords="0"/>
    <filter class="solr.LengthFilterFactory" min="2" max="100"/>
    <filter class="solr.LowerCaseFilterFactory"/>
    <filter class="solr.RemoveDuplicatesTokenFilterFactory"/>
  </analyzer>
</fieldType>
