<searchComponent name="suggest" class="solr.SuggestComponent">
    <lst name="suggester">
      <str name="name">en</str>
      <str name="lookupImpl">AnalyzingInfixLookupFactory</str>
      <str name="dictionaryImpl">DocumentDictionaryFactory</str>
      <str name="field">twm_suggest</str>
      <str name="suggestAnalyzerFieldType">text_en</str>
      <str name="contextField">sm_context_tags</str>
      <str name="buildOnCommit">true</str>
      <str name="buildOnStartup">false</str>
    </lst>
  
    <lst name="suggester">
      <str name="name">und</str>
      <str name="lookupImpl">AnalyzingInfixLookupFactory</str>
      <str name="dictionaryImpl">DocumentDictionaryFactory</str>
      <str name="field">twm_suggest</str>
      <str name="suggestAnalyzerFieldType">text_und</str>
      <str name="contextField">sm_context_tags</str>
      <str name="buildOnCommit">true</str>
      <str name="buildOnStartup">false</str>
    </lst>
  </searchComponent>
